VaccinationRate,Run,Day,Susceptible,Infectious,Recovered,Vaccinated
0,1,0,29999,1,0,0
0,1,1,29999,1,0,0
0,1,2,29996,4,0,0
0,1,3,29988,12,0,0
0,1,4,29967,33,0,0
0,1,5,29906,94,0,0
0,1,6,29724,276,0,0
0,1,7,29252,747,1,0
0,1,8,27986,2010,4,0
0,1,9,24768,5220,12,0
0,1,10,18062,11905,33,0
0,1,11,8773,21133,94,0
0,1,12,2467,27257,276,0
0,1,13,481,28771,748,0
0,1,14,92,27894,2014,0
0,1,15,25,24743,5232,0
0,1,16,4,18058,11938,0
0,1,17,0,8773,21227,0
0,1,18,0,2467,27533,0
0,1,19,0,481,29519,0
0,1,20,0,92,29908,0
0,1,21,0,25,29975,0
0,1,22,0,4,29996,0
0,2,0,29999,1,0,0
0,2,1,29997,3,0,0
0,2,2,29990,10,0,0
0,2,3,29970,30,0,0
0,2,4,29908,92,0,0
0,2,5,29748,252,0,0
0,2,6,29305,695,0,0
0,2,7,28094,1903,3,0
0,2,8,25125,4865,10,0
0,2,9,18849,11121,30,0
0,2,10,9636,20272,92,0
0,2,11,2880,26868,252,0
0,2,12,580,28725,695,0
0,2,13,93,28001,1906,0
0,2,14,12,25113,4875,0
0,2,15,6,18843,11151,0
0,2,16,3,9633,20364,0
0,2,17,2,2878,27120,0
0,2,18,2,578,29420,0
0,2,19,2,91,29907,0
0,2,20,2,10,29988,0
0,2,21,2,4,29994,0
0,2,22,2,1,29997,0
0,3,0,29999,1,0,0
0,3,1,29998,2,0,0
0,3,2,29996,4,0,0
0,3,3,29987,13,0,0
0,3,4,29958,42,0,0
0,3,5,29873,127,0,0
0,3,6,29656,344,0,0
0,3,7,29052,946,2,0
0,3,8,27448,2548,4,0
0,3,9,23607,6380,13,0
0,3,10,16040,13918,42,0
0,3,11,7109,22764,127,0
0,3,12,1801,27855,344,0
0,3,13,328,28724,948,0
0,3,14,66,27382,2552,0
0,3,15,21,23586,6393,0
0,3,16,6,16034,13960,0
0,3,17,2,7107,22891,0
0,3,18,2,1799,28199,0
0,3,19,2,326,29672,0
0,3,20,2,64,29934,0
0,3,21,2,19,29979,0
0,3,22,2,4,29994,0
0,4,0,29999,1,0,0
0,4,1,29997,3,0,0
0,4,2,29991,9,0,0
0,4,3,29981,19,0,0
0,4,4,29947,53,0,0
0,4,5,29847,153,0,0
0,4,6,29570,430,0,0
0,4,7,28794,1203,3,0
0,4,8,26773,3218,9,0
0,4,9,22098,7883,19,0
0,4,10,13726,16221,53,0
0,4,11,5245,24602,153,0
0,4,12,1127,28443,430,0
0,4,13,202,28592,1206,0
0,4,14,31,26742,3227,0
0,4,15,8,22090,7902,0
0,4,16,1,13725,16274,0
0,4,17,1,5244,24755,0
0,4,18,1,1126,28873,0
0,4,19,1,201,29798,0
0,4,20,0,31,29969,0
0,4,21,0,8,29992,0
0,4,22,0,1,29999,0
0,4,23,0,1,29999,0
0,4,24,0,1,29999,0
0,4,25,0,1,29999,0
0,5,0,29999,1,0,0
0,5,1,29997,3,0,0
0,5,2,29992,8,0,0
0,5,3,29975,25,0,0
0,5,4,29925,75,0,0
0,5,5,29793,207,0,0
0,5,6,29427,573,0,0
0,5,7,28423,1574,3,0
0,5,8,25845,4147,8,0
0,5,9,20140,9835,25,0
0,5,10,11103,18822,75,0
0,5,11,3588,26205,207,0
0,5,12,765,28662,573,0
0,5,13,149,28274,1577,0
0,5,14,27,25818,4155,0
0,5,15,7,20133,9860,0
0,5,16,2,11101,18897,0
0,5,17,1,3587,26412,0
0,5,18,0,765,29235,0
0,5,19,0,149,29851,0
0,5,20,0,27,29973,0
0,5,21,0,7,29993,0
0,5,22,0,2,29998,0
0,5,23,0,1,29999,0
10,1,0,26999,1,0,3000
10,1,1,26997,3,0,3000
10,1,2,26990,10,0,3000
10,1,3,26980,20,0,3000
10,1,4,26954,46,0,3000
10,1,5,26880,120,0,3000
10,1,6,26713,287,0,3000
10,1,7,26286,711,3,3000
10,1,8,25170,1820,10,3000
10,1,9,22570,4410,20,3000
10,1,10,17338,9616,46,3000
10,1,11,9791,17089,120,3000
10,1,12,3566,23147,287,3000
10,1,13,866,25420,714,3000
10,1,14,177,24993,1830,3000
10,1,15,37,22533,4430,3000
10,1,16,12,17326,9662,3000
10,1,17,1,9790,17209,3000
10,1,18,1,3565,23434,3000
10,1,19,1,865,26134,3000
10,1,20,1,176,26823,3000
10,1,21,1,36,26963,3000
10,1,22,1,11,26988,3000
10,2,0,26999,1,0,3000
10,2,1,26996,4,0,3000
10,2,2,26991,9,0,3000
10,2,3,26980,20,0,3000
10,2,4,26944,56,0,3000
10,2,5,26859,141,0,3000
10,2,6,26648,352,0,3000
10,2,7,26100,896,4,3000
10,2,8,24686,2305,9,3000
10,2,9,21496,5484,20,3000
10,2,10,15484,11460,56,3000
10,2,11,7666,19193,141,3000
10,2,12,2442,24206,352,3000
10,2,13,570,25530,900,3000
10,2,14,114,24572,2314,3000
10,2,15,31,21465,5504,3000
10,2,16,11,15473,11516,3000
10,2,17,2,7664,19334,3000
10,2,18,1,2441,24558,3000
10,2,19,1,569,26430,3000
10,2,20,1,113,26886,3000
10,2,21,1,30,26969,3000
10,2,22,1,10,26989,3000
10,2,23,1,1,26998,3000
10,3,0,26999,1,0,3000
10,3,1,26996,4,0,3000
10,3,2,26992,8,0,3000
10,3,3,26981,19,0,3000
10,3,4,26944,56,0,3000
10,3,5,26853,147,0,3000
10,3,6,26613,387,0,3000
10,3,7,26041,955,4,3000
10,3,8,24557,2435,8,3000
10,3,9,21169,5812,19,3000
10,3,10,14908,12036,56,3000
10,3,11,7250,19603,147,3000
10,3,12,2260,24353,387,3000
10,3,13,529,25512,959,3000
10,3,14,126,24431,2443,3000
10,3,15,29,21140,5831,3000
10,3,16,11,14897,12092,3000
10,3,17,3,7247,19750,3000
10,3,18,1,2259,24740,3000
10,3,19,1,528,26471,3000
10,3,20,1,125,26874,3000
10,3,21,1,28,26971,3000
10,3,22,1,10,26989,3000
10,3,23,1,2,26997,3000
10,4,0,26999,1,0,3000
10,4,1,26998,2,0,3000
10,4,2,26994,6,0,3000
10,4,3,26983,17,0,3000
10,4,4,26955,45,0,3000
10,4,5,26884,116,0,3000
10,4,6,26689,311,0,3000
10,4,7,26202,796,2,3000
10,4,8,24998,1996,6,3000
10,4,9,22169,4814,17,3000
10,4,10,16597,10358,45,3000
10,4,11,8865,18019,116,3000
10,4,12,3005,23684,311,3000
10,4,13,685,25517,798,3000
10,4,14,135,24863,2002,3000
10,4,15,31,22138,4831,3000
10,4,16,9,16588,10403,3000
10,4,17,4,8861,18135,3000
10,4,18,1,3004,23995,3000
10,4,19,1,684,26315,3000
10,4,20,0,135,26865,3000
10,4,21,0,31,26969,3000
10,4,22,0,9,26991,3000
10,4,23,0,4,26996,3000
10,4,24,0,1,26999,3000
10,4,25,0,1,26999,3000
10,5,0,26999,1,0,3000
10,5,1,26998,2,0,3000
10,5,2,26996,4,0,3000
10,5,3,26993,7,0,3000
10,5,4,26983,17,0,3000
10,5,5,26960,40,0,3000
10,5,6,26896,104,0,3000
10,5,7,26757,241,2,3000
10,5,8,26373,623,4,3000
10,5,9,25433,1560,7,3000
10,5,10,23226,3757,17,3000
10,5,11,18545,8415,40,3000
10,5,12,11179,15717,104,3000
10,5,13,4353,22404,243,3000
10,5,14,1141,25232,627,3000
10,5,15,248,25185,1567,3000
10,5,16,54,23172,3774,3000
10,5,17,9,18536,8455,3000
10,5,18,1,11178,15821,3000
10,5,19,1,4352,22647,3000
10,5,20,1,1140,25859,3000
10,5,21,1,247,26752,3000
10,5,22,1,53,26946,3000
10,5,23,1,8,26991,3000
20,1,0,23999,1,0,6000
20,1,1,23997,3,0,6000
20,1,2,23992,8,0,6000
20,1,3,23985,15,0,6000
20,1,4,23962,38,0,6000
20,1,5,23903,97,0,6000
20,1,6,23780,220,0,6000
20,1,7,23459,538,3,6000
20,1,8,22714,1278,8,6000
20,1,9,21041,2944,15,6000
20,1,10,17656,6306,38,6000
20,1,11,12012,11891,97,6000
20,1,12,5966,17814,220,6000
20,1,13,2029,21430,541,6000
20,1,14,564,22150,1286,6000
20,1,15,142,20899,2959,6000
20,1,16,37,17619,6344,6000
20,1,17,10,12002,11988,6000
20,1,18,7,5959,18034,6000
20,1,19,6,2023,21971,6000
20,1,20,6,558,23436,6000
20,1,21,5,137,23858,6000
20,1,22,5,32,23963,6000
20,1,23,5,5,23990,6000
20,1,24,5,2,23993,6000
20,1,25,5,1,23994,6000
20,1,26,5,1,23994,6000
20,2,0,23999,1,0,6000
20,2,1,23998,2,0,6000
20,2,2,23996,4,0,6000
20,2,3,23989,11,0,6000
20,2,4,23973,27,0,6000
20,2,5,23933,67,0,6000
20,2,6,23826,174,0,6000
20,2,7,23592,406,2,6000
20,2,8,23050,946,4,6000
20,2,9,21796,2193,11,6000
20,2,10,19173,4800,27,6000
20,2,11,14358,9575,67,6000
20,2,12,8042,15784,174,6000
20,2,13,3028,20564,408,6000
20,2,14,898,22152,950,6000
20,2,15,232,21564,2204,6000
20,2,16,54,19119,4827,6000
20,2,17,18,14340,9642,6000
20,2,18,8,8034,15958,6000
20,2,19,6,3022,20972,6000
20,2,20,6,892,23102,6000
20,2,21,6,226,23768,6000
20,2,22,6,48,23946,6000
20,2,23,6,12,23982,6000
20,2,24,6,2,23992,6000
20,3,0,23999,1,0,6000
20,3,1,23998,2,0,6000
20,3,2,23993,7,0,6000
20,3,3,23983,17,0,6000
20,3,4,23955,45,0,6000
20,3,5,23892,108,0,6000
20,3,6,23738,262,0,6000
20,3,7,23390,608,2,6000
20,3,8,22522,1471,7,6000
20,3,9,20535,3448,17,6000
20,3,10,16753,7202,45,6000
20,3,11,10886,13006,108,6000
20,3,12,4886,18852,262,6000
20,3,13,1550,21840,610,6000
20,3,14,400,22122,1478,6000
20,3,15,114,20421,3465,6000
20,3,16,38,16715,7247,6000
20,3,17,16,10870,13114,6000
20,3,18,10,4876,19114,6000
20,3,19,6,1544,22450,6000
20,3,20,4,396,23600,6000
20,3,21,4,110,23886,6000
20,3,22,4,34,23962,6000
20,3,23,4,12,23984,6000
20,3,24,4,6,23990,6000
20,3,25,4,2,23994,6000
20,4,0,23999,1,0,6000
20,4,1,23998,2,0,6000
20,4,2,23996,4,0,6000
20,4,3,23989,11,0,6000
20,4,4,23978,22,0,6000
20,4,5,23938,62,0,6000
20,4,6,23839,161,0,6000
20,4,7,23614,384,2,6000
20,4,8,23078,918,4,6000
20,4,9,21857,2132,11,6000
20,4,10,19176,4802,22,6000
20,4,11,14303,9635,62,6000
20,4,12,8004,15835,161,6000
20,4,13,3129,20485,386,6000
20,4,14,858,22220,922,6000
20,4,15,237,21620,2143,6000
20,4,16,60,19116,4824,6000
20,4,17,12,14291,9697,6000
20,4,18,7,7997,15996,6000
20,4,19,6,3123,20871,6000
20,4,20,5,853,23142,6000
20,4,21,5,232,23763,6000
20,4,22,5,55,23940,6000
20,4,23,5,7,23988,6000
20,4,24,5,2,23993,6000
20,4,25,5,1,23994,6000
20,5,0,23999,1,0,6000
20,5,1,23997,3,0,6000
20,5,2,23991,9,0,6000
20,5,3,23974,26,0,6000
20,5,4,23932,68,0,6000
20,5,5,23836,164,0,6000
20,5,6,23613,387,0,6000
20,5,7,23067,930,3,6000
20,5,8,21773,2218,9,6000
20,5,9,19012,4962,26,6000
20,5,10,14110,9822,68,6000
20,5,11,7753,16083,164,6000
20,5,12,2918,20695,387,6000
20,5,13,873,22194,933,6000
20,5,14,209,21564,2227,6000
20,5,15,62,18950,4988,6000
20,5,16,19,14091,9890,6000
20,5,17,11,7742,16247,6000
20,5,18,9,2909,21082,6000
20,5,19,7,866,23127,6000
20,5,20,5,204,23791,6000
20,5,21,5,57,23938,6000
20,5,22,5,14,23981,6000
20,5,23,5,6,23989,6000
20,5,24,5,4,23991,6000
20,5,25,5,2,23993,6000
30,1,0,20999,1,0,9000
30,1,1,20999,1,0,9000
30,1,2,20999,1,0,9000
30,1,3,20998,2,0,9000
30,1,4,20995,5,0,9000
30,1,5,20992,8,0,9000
30,1,6,20981,19,0,9000
30,1,7,20956,43,1,9000
30,1,8,20884,115,1,9000
30,1,9,20732,266,2,9000
30,1,10,20405,590,5,9000
30,1,11,19708,1284,8,9000
30,1,12,18254,2727,19,9000
30,1,13,15532,5424,44,9000
30,1,14,11315,9569,116,9000
30,1,15,6370,14362,268,9000
30,1,16,2699,17706,595,9000
30,1,17,968,18740,1292,9000
30,1,18,318,17936,2746,9000
30,1,19,124,15408,5468,9000
30,1,20,44,11271,9685,9000
30,1,21,22,6348,14630,9000
30,1,22,15,2684,18301,9000
30,1,23,14,954,20032,9000
30,1,24,11,307,20682,9000
30,1,25,11,113,20876,9000
30,1,26,11,33,20956,9000
30,1,27,11,11,20978,9000
30,1,28,11,4,20985,9000
30,1,29,11,3,20986,9000
30,2,0,20999,1,0,9000
30,2,1,20998,2,0,9000
30,2,2,20994,6,0,9000
30,2,3,20986,14,0,9000
30,2,4,20959,41,0,9000
30,2,5,20911,89,0,9000
30,2,6,20804,196,0,9000
30,2,7,20534,464,2,9000
30,2,8,19965,1029,6,9000
30,2,9,18774,2212,14,9000
30,2,10,16435,4524,41,9000
30,2,11,12457,8454,89,9000
30,2,12,7526,13278,196,9000
30,2,13,3424,17110,466,9000
30,2,14,1196,18769,1035,9000
30,2,15,394,18380,2226,9000
30,2,16,125,16310,4565,9000
30,2,17,46,12411,8543,9000
30,2,18,21,7505,13474,9000
30,2,19,12,3412,17576,9000
30,2,20,11,1185,19804,9000
30,2,21,10,384,20606,9000
30,2,22,10,115,20875,9000
30,2,23,10,36,20954,9000
30,2,24,10,11,20979,9000
30,2,25,10,2,20988,9000
30,2,26,10,1,20989,9000
30,3,0,20999,1,0,9000
30,3,1,20997,3,0,9000
30,3,2,20991,9,0,9000
30,3,3,20977,23,0,9000
30,3,4,20952,48,0,9000
30,3,5,20887,113,0,9000
30,3,6,20763,237,0,9000
30,3,7,20501,496,3,9000
30,3,8,19932,1059,9,9000
30,3,9,18708,2269,23,9000
30,3,10,16353,4599,48,9000
30,3,11,12478,8409,113,9000
30,3,12,7532,13231,237,9000
30,3,13,3428,17073,499,9000
30,3,14,1252,18680,1068,9000
30,3,15,436,18272,2292,9000
30,3,16,160,16193,4647,9000
30,3,17,69,12409,8522,9000
30,3,18,32,7500,13468,9000
30,3,19,20,3408,17572,9000
30,3,20,16,1236,19748,9000
30,3,21,15,421,20564,9000
30,3,22,15,145,20840,9000
30,3,23,15,54,20931,9000
30,3,24,15,17,20968,9000
30,3,25,15,5,20980,9000
30,3,26,15,1,20984,9000
30,4,0,20999,1,0,9000
30,4,1,20999,1,0,9000
30,4,2,20998,2,0,9000
30,4,3,20997,3,0,9000
30,4,4,20992,8,0,9000
30,4,5,20978,22,0,9000
30,4,6,20943,57,0,9000
30,4,7,20869,130,1,9000
30,4,8,20702,296,2,9000
30,4,9,20338,659,3,9000
30,4,10,19591,1401,8,9000
30,4,11,18065,2913,22,9000
30,4,12,15200,5743,57,9000
30,4,13,10790,10079,131,9000
30,4,14,5912,14790,298,9000
30,4,15,2432,17906,662,9000
30,4,16,833,18758,1409,9000
30,4,17,260,17805,2935,9000
30,4,18,96,15104,5800,9000
30,4,19,42,10748,10210,9000
30,4,20,22,5890,15088,9000
30,4,21,16,2416,18568,9000
30,4,22,15,818,20167,9000
30,4,23,14,246,20740,9000
30,4,24,14,82,20904,9000
30,4,25,14,28,20958,9000
30,4,26,14,8,20978,9000
30,4,27,14,2,20984,9000
30,4,28,14,1,20985,9000
30,5,0,20999,1,0,9000
30,5,1,20996,4,0,9000
30,5,2,20990,10,0,9000
30,5,3,20976,24,0,9000
30,5,4,20946,54,0,9000
30,5,5,20880,120,0,9000
30,5,6,20736,264,0,9000
30,5,7,20414,582,4,9000
30,5,8,19734,1256,10,9000
30,5,9,18301,2675,24,9000
30,5,10,15608,5338,54,9000
30,5,11,11362,9518,120,9000
30,5,12,6385,14351,264,9000
30,5,13,2691,17723,586,9000
30,5,14,931,18803,1266,9000
30,5,15,296,18005,2699,9000
30,5,16,98,15510,5392,9000
30,5,17,42,11320,9638,9000
30,5,18,21,6364,14615,9000
30,5,19,9,2682,18309,9000
30,5,20,5,926,20069,9000
30,5,21,5,291,20704,9000
30,5,22,5,93,20902,9000
30,5,23,5,37,20958,9000
30,5,24,5,16,20979,9000
30,5,25,5,4,20991,9000
40,1,0,17999,1,0,12000
40,1,1,17999,1,0,12000
40,1,2,17998,2,0,12000
40,1,3,17994,6,0,12000
40,1,4,17990,10,0,12000
40,1,5,17974,26,0,12000
40,1,6,17947,53,0,12000
40,1,7,17891,108,1,12000
40,1,8,17764,234,2,12000
40,1,9,17511,483,6,12000
40,1,10,17039,951,10,12000
40,1,11,16074,1900,26,12000
40,1,12,14367,3580,53,12000
40,1,13,11568,6323,109,12000
40,1,14,7911,9853,236,12000
40,1,15,4349,13162,489,12000
40,1,16,2006,15033,961,12000
40,1,17,812,15262,1926,12000
40,1,18,341,14026,3633,12000
40,1,19,144,11424,6432,12000
40,1,20,77,7834,10089,12000
40,1,21,50,4299,13651,12000
40,1,22,43,1963,15994,12000
40,1,23,38,774,17188,12000
40,1,24,34,307,17659,12000
40,1,25,33,111,17856,12000
40,1,26,33,44,17923,12000
40,1,27,33,17,17950,12000
40,1,28,33,10,17957,12000
40,1,29,33,5,17962,12000
40,1,30,33,1,17966,12000
40,2,0,17999,1,0,12000
40,2,1,17999,1,0,12000
40,2,2,17996,4,0,12000
40,2,3,17991,9,0,12000
40,2,4,17983,17,0,12000
40,2,5,17965,35,0,12000
40,2,6,17930,70,0,12000
40,2,7,17859,140,1,12000
40,2,8,17716,280,4,12000
40,2,9,17434,557,9,12000
40,2,10,16885,1098,17,12000
40,2,11,15810,2155,35,12000
40,2,12,13887,4043,70,12000
40,2,13,10851,7008,141,12000
40,2,14,7139,10577,284,12000
40,2,15,3829,13605,566,12000
40,2,16,1715,15170,1115,12000
40,2,17,667,15143,2190,12000
40,2,18,263,13624,4113,12000
40,2,19,111,10740,7149,12000
40,2,20,60,7079,10861,12000
40,2,21,41,3788,14171,12000
40,2,22,35,1680,16285,12000
40,2,23,33,634,17333,12000
40,2,24,32,231,17737,12000
40,2,25,32,79,17889,12000
40,2,26,32,28,17940,12000
40,2,27,32,9,17959,12000
40,2,28,32,3,17965,12000
40,2,29,32,1,17967,12000
40,3,0,17999,1,0,12000
40,3,1,17997,3,0,12000
40,3,2,17995,5,0,12000
40,3,3,17992,8,0,12000
40,3,4,17982,18,0,12000
40,3,5,17963,37,0,12000
40,3,6,17929,71,0,12000
40,3,7,17847,150,3,12000
40,3,8,17701,294,5,12000
40,3,9,17388,604,8,12000
40,3,10,16780,1202,18,12000
40,3,11,15623,2340,37,12000
40,3,12,13601,4328,71,12000
40,3,13,10453,7394,153,12000
40,3,14,6640,11061,299,12000
40,3,15,3394,13994,612,12000
40,3,16,1446,15334,1220,12000
40,3,17,568,15055,2377,12000
40,3,18,242,13359,4399,12000
40,3,19,107,10346,7547,12000
40,3,20,60,6580,11360,12000
40,3,21,39,3355,14606,12000
40,3,22,35,1411,16554,12000
40,3,23,35,533,17432,12000
40,3,24,32,210,17758,12000
40,3,25,32,75,17893,12000
40,3,26,32,28,17940,12000
40,3,27,32,7,17961,12000
40,3,28,32,3,17965,12000
40,3,29,32,3,17965,12000
40,4,0,17999,1,0,12000
40,4,1,17999,1,0,12000
40,4,2,17998,2,0,12000
40,4,3,17995,5,0,12000
40,4,4,17991,9,0,12000
40,4,5,17977,23,0,12000
40,4,6,17951,49,0,12000
40,4,7,17896,103,1,12000
40,4,8,17801,197,2,12000
40,4,9,17571,424,5,12000
40,4,10,17117,874,9,12000
40,4,11,16239,1738,23,12000
40,4,12,14679,3272,49,12000
40,4,13,12088,5808,104,12000
40,4,14,8572,9229,199,12000
40,4,15,4921,12650,429,12000
40,4,16,2321,14796,883,12000
40,4,17,937,15302,1761,12000
40,4,18,382,14297,3321,12000
40,4,19,164,11924,5912,12000
40,4,20,79,8493,9428,12000
40,4,21,41,4880,13079,12000
40,4,22,30,2291,15679,12000
40,4,23,22,915,17063,12000
40,4,24,21,361,17618,12000
40,4,25,21,143,17836,12000
40,4,26,21,58,17921,12000
40,4,27,21,20,17959,12000
40,4,28,21,9,17970,12000
40,4,29,21,1,17978,12000
40,5,0,17999,1,0,12000
40,5,1,17999,1,0,12000
40,5,2,17999,1,0,12000
40,5,3,17998,2,0,12000
40,5,4,17996,4,0,12000
40,5,5,17994,6,0,12000
40,5,6,17989,11,0,12000
40,5,7,17975,24,1,12000
40,5,8,17961,38,1,12000
40,5,9,17919,79,2,12000
40,5,10,17842,154,4,12000
40,5,11,17664,330,6,12000
40,5,12,17320,669,11,12000
40,5,13,16629,1346,25,12000
40,5,14,15354,2607,39,12000
40,5,15,13103,4816,81,12000
40,5,16,9704,8138,158,12000
40,5,17,5958,11706,336,12000
40,5,18,2920,14400,680,12000
40,5,19,1189,15440,1371,12000
40,5,20,473,14881,2646,12000
40,5,21,202,12901,4897,12000
40,5,22,90,9614,8296,12000
40,5,23,45,5913,12042,12000
40,5,24,30,2890,15080,12000
40,5,25,26,1163,16811,12000
40,5,26,25,448,17527,12000
40,5,27,25,177,17798,12000
40,5,28,25,65,17910,12000
40,5,29,24,21,17955,12000
40,5,30,24,6,17970,12000
40,5,31,24,2,17974,12000
40,5,32,24,1,17975,12000
40,5,33,24,1,17975,12000
40,5,34,24,1,17975,12000
50,1,0,14999,1,0,15000
50,1,1,14996,4,0,15000
50,1,2,14993,7,0,15000
50,1,3,14988,12,0,15000
50,1,4,14980,20,0,15000
50,1,5,14959,41,0,15000
50,1,6,14923,77,0,15000
50,1,7,14857,139,4,15000
50,1,8,14727,266,7,15000
50,1,9,14488,500,12,15000
50,1,10,14062,918,20,15000
50,1,11,13309,1650,41,15000
50,1,12,12084,2839,77,15000
50,1,13,10167,4690,143,15000
50,1,14,7675,7052,273,15000
50,1,15,4986,9502,512,15000
50,1,16,2898,11164,938,15000
50,1,17,1448,11861,1691,15000
50,1,18,706,11378,2916,15000
50,1,19,354,9813,4833,15000
50,1,20,189,7486,7325,15000
50,1,21,124,4862,10014,15000
50,1,22,87,2811,12102,15000
50,1,23,65,1383,13552,15000
50,1,24,63,643,14294,15000
50,1,25,60,294,14646,15000
50,1,26,59,130,14811,15000
50,1,27,59,65,14876,15000
50,1,28,59,28,14913,15000
50,1,29,59,6,14935,15000
50,1,30,59,4,14937,15000
50,1,31,59,1,14940,15000
50,2,0,14999,1,0,15000
50,2,1,14998,2,0,15000
50,2,2,14995,5,0,15000
50,2,3,14989,11,0,15000
50,2,4,14977,23,0,15000
50,2,5,14962,38,0,15000
50,2,6,14927,73,0,15000
50,2,7,14852,146,2,15000
50,2,8,14734,261,5,15000
50,2,9,14515,474,11,15000
50,2,10,14109,868,23,15000
50,2,11,13364,1598,38,15000
50,2,12,12101,2826,73,15000
50,2,13,10225,4627,148,15000
50,2,14,7744,6990,266,15000
50,2,15,5085,9430,485,15000
50,2,16,2877,11232,891,15000
50,2,17,1415,11949,1636,15000
50,2,18,700,11401,2899,15000
50,2,19,351,9874,4775,15000
50,2,20,173,7571,7256,15000
50,2,21,107,4978,9915,15000
50,2,22,79,2798,12123,15000
50,2,23,64,1351,13585,15000
50,2,24,59,641,14300,15000
50,2,25,56,295,14649,15000
50,2,26,56,117,14827,15000
50,2,27,56,51,14893,15000
50,2,28,55,24,14921,15000
50,2,29,55,9,14936,15000
50,2,30,55,4,14941,15000
50,2,31,55,1,14944,15000
50,2,32,55,1,14944,15000
50,2,33,55,1,14944,15000
50,3,0,14999,1,0,15000
50,3,1,14999,1,0,15000
50,3,2,14999,1,0,15000
50,3,3,14999,1,0,15000
50,3,4,14996,4,0,15000
50,3,5,14993,7,0,15000
50,3,6,14988,12,0,15000
50,3,7,14980,19,1,15000
50,3,8,14968,31,1,15000
50,3,9,14940,59,1,15000
50,3,10,14883,113,4,15000
50,3,11,14785,208,7,15000
50,3,12,14593,395,12,15000
50,3,13,14244,736,20,15000
50,3,14,13645,1323,32,15000
50,3,15,12554,2386,60,15000
50,3,16,10842,4041,117,15000
50,3,17,8521,6264,215,15000
50,3,18,5942,8651,407,15000
50,3,19,3517,10727,756,15000
50,3,20,1821,11824,1355,15000
50,3,21,883,11671,2446,15000
50,3,22,416,10426,4158,15000
50,3,23,217,8304,6479,15000
50,3,24,137,5805,9058,15000
50,3,25,92,3425,11483,15000
50,3,26,77,1744,13179,15000
50,3,27,66,817,14117,15000
50,3,28,61,355,14584,15000
50,3,29,58,159,14783,15000
50,3,30,57,80,14863,15000
50,3,31,56,36,14908,15000
50,3,32,56,21,14923,15000
50,3,33,55,11,14934,15000
50,3,34,55,6,14939,15000
50,3,35,55,3,14942,15000
50,3,36,55,2,14943,15000
50,3,37,55,1,14944,15000
50,3,38,55,1,14944,15000
50,3,39,54,1,14945,15000
50,3,40,54,1,14945,15000
50,3,41,54,1,14945,15000
50,3,42,54,1,14945,15000
50,3,43,54,1,14945,15000
50,3,44,54,1,14945,15000
50,4,0,14999,1,0,15000
50,4,1,14999,1,0,15000
50,4,2,14999,1,0,15000
50,4,3,14997,3,0,15000
50,4,4,14995,5,0,15000
50,4,5,14994,6,0,15000
50,4,6,14987,13,0,15000
50,4,7,14976,23,1,15000
50,4,8,14954,45,1,15000
50,4,9,14912,85,3,15000
50,4,10,14848,147,5,15000
50,4,11,14720,274,6,15000
50,4,12,14460,527,13,15000
50,4,13,14027,949,24,15000
50,4,14,13224,1730,46,15000
50,4,15,11941,2971,88,15000
50,4,16,9991,4857,152,15000
50,4,17,7518,7202,280,15000
50,4,18,4903,9557,540,15000
50,4,19,2749,11278,973,15000
50,4,20,1383,11841,1776,15000
50,4,21,652,11289,3059,15000
50,4,22,343,9648,5009,15000
50,4,23,203,7315,7482,15000
50,4,24,141,4762,10097,15000
50,4,25,101,2648,12251,15000
50,4,26,87,1296,13617,15000
50,4,27,81,571,14348,15000
50,4,28,78,265,14657,15000
50,4,29,78,125,14797,15000
50,4,30,78,63,14859,15000
50,4,31,77,24,14899,15000
50,4,32,77,10,14913,15000
50,4,33,77,4,14919,15000
50,4,34,77,1,14922,15000
50,4,35,77,1,14922,15000
50,4,36,77,1,14922,15000
50,5,0,14999,1,0,15000
50,5,1,14998,2,0,15000
50,5,2,14996,4,0,15000
50,5,3,14989,11,0,15000
50,5,4,14977,23,0,15000
50,5,5,14951,49,0,15000
50,5,6,14907,93,0,15000
50,5,7,14827,171,2,15000
50,5,8,14678,318,4,15000
50,5,9,14419,570,11,15000
50,5,10,13936,1041,23,15000
50,5,11,13089,1862,49,15000
50,5,12,11736,3171,93,15000
50,5,13,9705,5122,173,15000
50,5,14,7067,7611,322,15000
50,5,15,4507,9912,581,15000
50,5,16,2494,11442,1064,15000
50,5,17,1273,11816,1911,15000
50,5,18,638,11098,3264,15000
50,5,19,291,9414,5295,15000
50,5,20,165,6902,7933,15000
50,5,21,103,4404,10493,15000
50,5,22,87,2407,12506,15000
50,5,23,77,1196,13727,15000
50,5,24,72,566,14362,15000
50,5,25,70,221,14709,15000
50,5,26,70,95,14835,15000
50,5,27,70,33,14897,15000
50,5,28,70,17,14913,15000
50,5,29,70,7,14923,15000
50,5,30,69,3,14928,15000
50,5,31,69,1,14930,15000
50,5,32,69,1,14930,15000
50,5,33,69,1,14930,15000
50,5,34,69,1,14930,15000
50,5,35,69,1,14930,15000
60,1,0,11999,1,0,18000
60,1,1,11998,2,0,18000
60,1,2,11997,3,0,18000
60,1,3,11996,4,0,18000
60,1,4,11991,9,0,18000
60,1,5,11987,13,0,18000
60,1,6,11976,24,0,18000
60,1,7,11955,43,2,18000
60,1,8,11922,75,3,18000
60,1,9,11875,121,4,18000
60,1,10,11789,202,9,18000
60,1,11,11640,347,13,18000
60,1,12,11417,559,24,18000
60,1,13,11055,900,45,18000
60,1,14,10438,1484,78,18000
60,1,15,9533,2342,125,18000
60,1,16,8287,3502,211,18000
60,1,17,6709,4931,360,18000
60,1,18,4992,6425,583,18000
60,1,19,3390,7665,945,18000
60,1,20,2147,8291,1562,18000
60,1,21,1341,8192,2467,18000
60,1,22,796,7491,3713,18000
60,1,23,498,6211,5291,18000
60,1,24,342,4650,7008,18000
60,1,25,254,3136,8610,18000
60,1,26,213,1934,9853,18000
60,1,27,187,1154,10659,18000
60,1,28,173,623,11204,18000
60,1,29,165,333,11502,18000
60,1,30,160,182,11658,18000
60,1,31,159,95,11746,18000
60,1,32,157,56,11787,18000
60,1,33,156,31,11813,18000
60,1,34,156,17,11827,18000
60,1,35,156,9,11835,18000
60,1,36,156,4,11840,18000
60,1,37,155,4,11841,18000
60,1,38,155,2,11843,18000
60,1,39,155,1,11844,18000
60,1,40,155,1,11844,18000
60,1,41,155,1,11844,18000
60,1,42,155,1,11844,18000
60,2,0,11999,1,0,18000
60,2,1,11997,3,0,18000
60,2,2,11994,6,0,18000
60,2,3,11989,11,0,18000
60,2,4,11984,16,0,18000
60,2,5,11973,27,0,18000
60,2,6,11961,39,0,18000
60,2,7,11944,53,3,18000
60,2,8,11898,96,6,18000
60,2,9,11839,150,11,18000
60,2,10,11735,249,16,18000
60,2,11,11568,405,27,18000
60,2,12,11263,698,39,18000
60,2,13,10815,1129,56,18000
60,2,14,10145,1753,102,18000
60,2,15,9146,2693,161,18000
60,2,16,7780,3955,265,18000
60,2,17,6136,5432,432,18000
60,2,18,4434,6829,737,18000
60,2,19,2941,7874,1185,18000
60,2,20,1832,8313,1855,18000
60,2,21,1155,7991,2854,18000
60,2,22,708,7072,4220,18000
60,2,23,445,5691,5864,18000
60,2,24,313,4121,7566,18000
60,2,25,237,2704,9059,18000
60,2,26,197,1635,10168,18000
60,2,27,182,973,10845,18000
60,2,28,171,537,11292,18000
60,2,29,166,279,11555,18000
60,2,30,163,150,11687,18000
60,2,31,158,79,11763,18000
60,2,32,156,41,11803,18000
60,2,33,156,26,11818,18000
60,2,34,156,15,11829,18000
60,2,35,156,10,11834,18000
60,2,36,156,7,11837,18000
60,2,37,156,2,11842,18000
60,3,0,11999,1,0,18000
60,3,1,11998,2,0,18000
60,3,2,11998,2,0,18000
60,3,3,11998,2,0,18000
60,3,4,11998,2,0,18000
60,3,5,11996,4,0,18000
60,3,6,11992,8,0,18000
60,3,7,11987,11,2,18000
60,3,8,11981,17,2,18000
60,3,9,11968,30,2,18000
60,3,10,11950,48,2,18000
60,3,11,11914,82,4,18000
60,3,12,11840,152,8,18000
60,3,13,11727,260,13,18000
60,3,14,11564,417,19,18000
60,3,15,11271,697,32,18000
60,3,16,10788,1162,50,18000
60,3,17,10059,1855,86,18000
60,3,18,9033,2807,160,18000
60,3,19,7661,4066,273,18000
60,3,20,5943,5621,436,18000
60,3,21,4251,7020,729,18000
60,3,22,2864,7924,1212,18000
60,3,23,1792,8267,1941,18000
60,3,24,1097,7936,2967,18000
60,3,25,659,7002,4339,18000
60,3,26,435,5508,6057,18000
60,3,27,311,3940,7749,18000
60,3,28,255,2609,9136,18000
60,3,29,218,1574,10208,18000
60,3,30,193,904,10903,18000
60,3,31,179,480,11341,18000
60,3,32,174,261,11565,18000
60,3,33,171,140,11689,18000
60,3,34,169,86,11745,18000
60,3,35,169,49,11782,18000
60,3,36,167,26,11807,18000
60,3,37,167,12,11821,18000
60,3,38,167,7,11826,18000
60,3,39,167,4,11829,18000
60,3,40,167,2,11831,18000
60,3,41,167,2,11831,18000
60,4,0,11999,1,0,18000
60,4,1,11999,1,0,18000
60,4,2,11998,2,0,18000
60,4,3,11998,2,0,18000
60,4,4,11998,2,0,18000
60,4,5,11996,4,0,18000
60,4,6,11993,7,0,18000
60,4,7,11988,11,1,18000
60,4,8,11979,19,2,18000
60,4,9,11963,35,2,18000
60,4,10,11940,58,2,18000
60,4,11,11891,105,4,18000
60,4,12,11824,169,7,18000
60,4,13,11696,292,12,18000
60,4,14,11471,508,21,18000
60,4,15,11160,803,37,18000
60,4,16,10664,1276,60,18000
60,4,17,9874,2017,109,18000
60,4,18,8758,3066,176,18000
60,4,19,7332,4364,304,18000
60,4,20,5618,5853,529,18000
60,4,21,3969,7191,840,18000
60,4,22,2574,8090,1336,18000
60,4,23,1582,8292,2126,18000
60,4,24,961,7797,3242,18000
60,4,25,623,6709,4668,18000
60,4,26,436,5182,6382,18000
60,4,27,332,3637,8031,18000
60,4,28,267,2307,9426,18000
60,4,29,235,1347,10418,18000
60,4,30,226,735,11039,18000
60,4,31,220,403,11377,18000
60,4,32,214,222,11564,18000
60,4,33,214,118,11668,18000
60,4,34,212,55,11733,18000
60,4,35,212,23,11765,18000
60,4,36,212,14,11774,18000
60,4,37,212,8,11780,18000
60,4,38,212,2,11786,18000
60,4,39,212,2,11786,18000
60,5,0,11999,1,0,18000
60,5,1,11999,1,0,18000
60,5,2,11999,1,0,18000
60,5,3,11999,1,0,18000
60,5,4,11996,4,0,18000
60,5,5,11994,6,0,18000
60,5,6,11989,11,0,18000
60,5,7,11978,21,1,18000
60,5,8,11966,33,1,18000
60,5,9,11947,52,1,18000
60,5,10,11911,85,4,18000
60,5,11,11851,143,6,18000
60,5,12,11749,240,11,18000
60,5,13,11586,392,22,18000
60,5,14,11321,645,34,18000
60,5,15,10908,1039,53,18000
60,5,16,10271,1640,89,18000
60,5,17,9310,2541,149,18000
60,5,18,8010,3739,251,18000
60,5,19,6375,5211,414,18000
60,5,20,4603,6718,679,18000
60,5,21,3058,7850,1092,18000
60,5,22,1931,8340,1729,18000
60,5,23,1186,8124,2690,18000
60,5,24,761,7249,3990,18000
60,5,25,506,5869,5625,18000
60,5,26,356,4247,7397,18000
60,5,27,270,2788,8942,18000
60,5,28,229,1702,10069,18000
60,5,29,206,980,10814,18000
60,5,30,194,567,11239,18000
60,5,31,189,317,11494,18000
60,5,32,182,174,11644,18000
60,5,33,176,94,11730,18000
60,5,34,175,54,11771,18000
60,5,35,174,32,11794,18000
60,5,36,173,21,11806,18000
60,5,37,173,16,11811,18000
60,5,38,173,9,11818,18000
60,5,39,173,3,11824,18000
60,5,40,173,2,11825,18000
60,5,41,173,1,11826,18000
70,1,0,8999,1,0,21000
70,1,1,8999,1,0,21000
70,1,2,8998,2,0,21000
70,1,3,8995,5,0,21000
70,1,4,8993,7,0,21000
70,1,5,8992,8,0,21000
70,1,6,8989,11,0,21000
70,1,7,8983,16,1,21000
70,1,8,8978,20,2,21000
70,1,9,8965,30,5,21000
70,1,10,8950,43,7,21000
70,1,11,8927,65,8,21000
70,1,12,8894,95,11,21000
70,1,13,8849,134,17,21000
70,1,14,8785,193,22,21000
70,1,15,8672,293,35,21000
70,1,16,8508,442,50,21000
70,1,17,8290,637,73,21000
70,1,18,7987,907,106,21000
70,1,19,7560,1289,151,21000
70,1,20,6999,1786,215,21000
70,1,21,6244,2428,328,21000
70,1,22,5365,3143,492,21000
70,1,23,4494,3796,710,21000
70,1,24,3598,4389,1013,21000
70,1,25,2767,4793,1440,21000
70,1,26,2120,4879,2001,21000
70,1,27,1630,4614,2756,21000
70,1,28,1234,4131,3635,21000
70,1,29,991,3503,4506,21000
70,1,30,816,2782,5402,21000
70,1,31,715,2052,6233,21000
70,1,32,630,1490,6880,21000
70,1,33,573,1057,7370,21000
70,1,34,538,696,7766,21000
70,1,35,520,471,8009,21000
70,1,36,500,316,8184,21000
70,1,37,488,227,8285,21000
70,1,38,483,147,8370,21000
70,1,39,480,93,8427,21000
70,1,40,476,62,8462,21000
70,1,41,475,45,8480,21000
70,1,42,474,26,8500,21000
70,1,43,474,14,8512,21000
70,1,44,473,10,8517,21000
70,1,45,473,7,8520,21000
70,1,46,473,3,8524,21000
70,1,47,473,2,8525,21000
70,1,48,473,1,8526,21000
70,1,49,473,1,8526,21000
70,2,0,8999,1,0,21000
70,2,1,8998,2,0,21000
70,2,2,8998,2,0,21000
70,2,3,8998,2,0,21000
70,2,4,8997,3,0,21000
70,2,5,8994,6,0,21000
70,2,6,8989,11,0,21000
70,2,7,8984,14,2,21000
70,2,8,8982,16,2,21000
70,2,9,8966,32,2,21000
70,2,10,8951,46,3,21000
70,2,11,8932,62,6,21000
70,2,12,8899,90,11,21000
70,2,13,8851,133,16,21000
70,2,14,8770,212,18,21000
70,2,15,8652,314,34,21000
70,2,16,8462,489,49,21000
70,2,17,8215,717,68,21000
70,2,18,7887,1012,101,21000
70,2,19,7431,1420,149,21000
70,2,20,6819,1951,230,21000
70,2,21,6085,2567,348,21000
70,2,22,5195,3267,538,21000
70,2,23,4255,3960,785,21000
70,2,24,3338,4549,1113,21000
70,2,25,2560,4871,1569,21000
70,2,26,1934,4885,2181,21000
70,2,27,1466,4619,2915,21000
70,2,28,1123,4072,3805,21000
70,2,29,882,3373,4745,21000
70,2,30,724,2614,5662,21000
70,2,31,631,1929,6440,21000
70,2,32,570,1364,7066,21000
70,2,33,528,938,7534,21000
70,2,34,500,623,7877,21000
70,2,35,473,409,8118,21000
70,2,36,465,259,8276,21000
70,2,37,453,178,8369,21000
70,2,38,447,123,8430,21000
70,2,39,447,81,8472,21000
70,2,40,444,56,8500,21000
70,2,41,443,30,8527,21000
70,2,42,443,22,8535,21000
70,2,43,442,11,8547,21000
70,2,44,442,5,8553,21000
70,2,45,442,5,8553,21000
70,2,46,442,2,8556,21000
70,2,47,442,1,8557,21000
70,2,48,442,1,8557,21000
70,3,0,8999,1,0,21000
70,3,1,8998,2,0,21000
70,3,2,8996,4,0,21000
70,3,3,8993,7,0,21000
70,3,4,8990,10,0,21000
70,3,5,8985,15,0,21000
70,3,6,8977,23,0,21000
70,3,7,8967,31,2,21000
70,3,8,8949,47,4,21000
70,3,9,8926,67,7,21000
70,3,10,8891,99,10,21000
70,3,11,8840,145,15,21000
70,3,12,8778,199,23,21000
70,3,13,8661,306,33,21000
70,3,14,8523,426,51,21000
70,3,15,8310,616,74,21000
70,3,16,8011,880,109,21000
70,3,17,7615,1225,160,21000
70,3,18,7087,1691,222,21000
70,3,19,6384,2277,339,21000
70,3,20,5580,2943,477,21000
70,3,21,4669,3641,690,21000
70,3,22,3745,4266,989,21000
70,3,23,2920,4695,1385,21000
70,3,24,2239,4848,1913,21000
70,3,25,1695,4689,2616,21000
70,3,26,1299,4281,3420,21000
70,3,27,988,3681,4331,21000
70,3,28,814,2931,5255,21000
70,3,29,688,2232,6080,21000
70,3,30,599,1640,6761,21000
70,3,31,542,1153,7305,21000
70,3,32,510,789,7701,21000
70,3,33,485,503,8012,21000
70,3,34,472,342,8186,21000
70,3,35,463,225,8312,21000
70,3,36,458,141,8401,21000
70,3,37,454,88,8458,21000
70,3,38,451,59,8490,21000
70,3,39,450,35,8515,21000
70,3,40,450,22,8528,21000
70,3,41,450,13,8537,21000
70,3,42,449,9,8542,21000
70,3,43,449,5,8546,21000
70,3,44,449,2,8549,21000
70,3,45,449,1,8550,21000
70,3,46,449,1,8550,21000
70,3,47,448,2,8550,21000
70,3,48,448,1,8551,21000
70,3,49,448,1,8551,21000
70,3,50,448,1,8551,21000
70,3,51,448,1,8551,21000
70,3,52,448,1,8551,21000
70,4,0,8999,1,0,21000
70,4,1,8999,1,0,21000
70,4,2,8999,1,0,21000
70,4,3,8998,2,0,21000
70,4,4,8996,4,0,21000
70,4,5,8994,6,0,21000
70,4,6,8992,8,0,21000
70,4,7,8991,8,1,21000
70,4,8,8988,11,1,21000
70,4,9,8978,20,2,21000
70,4,10,8966,30,4,21000
70,4,11,8949,45,6,21000
70,4,12,8927,65,8,21000
70,4,13,8888,103,9,21000
70,4,14,8821,167,12,21000
70,4,15,8724,254,22,21000
70,4,16,8590,376,34,21000
70,4,17,8384,565,51,21000
70,4,18,8099,828,73,21000
70,4,19,7726,1162,112,21000
70,4,20,7224,1597,179,21000
70,4,21,6544,2180,276,21000
70,4,22,5714,2876,410,21000
70,4,23,4852,3532,616,21000
70,4,24,3879,4220,901,21000
70,4,25,3025,4701,1274,21000
70,4,26,2320,4904,1776,21000
70,4,27,1736,4808,2456,21000
70,4,28,1303,4411,3286,21000
70,4,29,1016,3836,4148,21000
70,4,30,823,3056,5121,21000
70,4,31,698,2327,5975,21000
70,4,32,614,1706,6680,21000
70,4,33,571,1165,7264,21000
70,4,34,533,770,7697,21000
70,4,35,510,506,7984,21000
70,4,36,495,328,8177,21000
70,4,37,486,212,8302,21000
70,4,38,480,134,8386,21000
70,4,39,479,92,8429,21000
70,4,40,476,57,8467,21000
70,4,41,475,35,8490,21000
70,4,42,475,20,8505,21000
70,4,43,475,11,8514,21000
70,4,44,474,6,8520,21000
70,4,45,474,5,8521,21000
70,4,46,474,2,8524,21000
70,4,47,474,1,8525,21000
70,4,48,474,1,8525,21000
70,4,49,474,1,8525,21000
70,5,0,8999,1,0,21000
70,5,1,8997,3,0,21000
70,5,2,8995,5,0,21000
70,5,3,8993,7,0,21000
70,5,4,8984,16,0,21000
70,5,5,8975,25,0,21000
70,5,6,8963,37,0,21000
70,5,7,8940,57,3,21000
70,5,8,8900,95,5,21000
70,5,9,8853,140,7,21000
70,5,10,8782,202,16,21000
70,5,11,8653,322,25,21000
70,5,12,8486,477,37,21000
70,5,13,8247,693,60,21000
70,5,14,7901,999,100,21000
70,5,15,7427,1426,147,21000
70,5,16,6830,1952,218,21000
70,5,17,6107,2546,347,21000
70,5,18,5222,3264,514,21000
70,5,19,4331,3916,753,21000
70,5,20,3486,4415,1099,21000
70,5,21,2708,4719,1573,21000
70,5,22,2042,4788,2170,21000
70,5,23,1505,4602,2893,21000
70,5,24,1149,4073,3778,21000
70,5,25,894,3437,4669,21000
70,5,26,709,2777,5514,21000
70,5,27,582,2126,6292,21000
70,5,28,500,1542,6958,21000
70,5,29,459,1046,7495,21000
70,5,30,439,710,7851,21000
70,5,31,422,472,8106,21000
70,5,32,409,300,8291,21000
70,5,33,403,179,8418,21000
70,5,34,401,99,8500,21000
70,5,35,397,62,8541,21000
70,5,36,396,43,8561,21000
70,5,37,395,27,8578,21000
70,5,38,395,14,8591,21000
70,5,39,395,8,8597,21000
70,5,40,395,6,8599,21000
70,5,41,395,2,8603,21000
70,5,42,395,1,8604,21000
80,1,0,5999,1,0,24000
80,1,1,5999,1,0,24000
80,1,2,5999,1,0,24000
80,1,3,5999,1,0,24000
80,1,4,5998,2,0,24000
80,1,5,5998,2,0,24000
80,1,6,5997,3,0,24000
80,1,7,5997,2,1,24000
80,1,8,5997,2,1,24000
80,1,9,5997,2,1,24000
80,1,10,5997,1,2,24000
80,1,11,5996,2,2,24000
80,1,12,5994,3,3,24000
80,1,13,5992,5,3,24000
80,1,14,5992,5,3,24000
80,1,15,5987,10,3,24000
80,1,16,5984,13,3,24000
80,1,17,5982,14,4,24000
80,1,18,5974,20,6,24000
80,1,19,5965,27,8,24000
80,1,20,5952,40,8,24000
80,1,21,5931,56,13,24000
80,1,22,5901,83,16,24000
80,1,23,5873,109,18,24000
80,1,24,5839,135,26,24000
80,1,25,5792,173,35,24000
80,1,26,5730,222,48,24000
80,1,27,5671,260,69,24000
80,1,28,5590,311,99,24000
80,1,29,5478,395,127,24000
80,1,30,5355,484,161,24000
80,1,31,5175,617,208,24000
80,1,32,4983,747,270,24000
80,1,33,4756,915,329,24000
80,1,34,4485,1105,410,24000
80,1,35,4203,1275,522,24000
80,1,36,3863,1492,645,24000
80,1,37,3535,1640,825,24000
80,1,38,3218,1765,1017,24000
80,1,39,2886,1870,1244,24000
80,1,40,2593,1892,1515,24000
80,1,41,2319,1884,1797,24000
80,1,42,2063,1800,2137,24000
80,1,43,1849,1686,2465,24000
80,1,44,1667,1551,2782,24000
80,1,45,1522,1364,3114,24000
80,1,46,1421,1172,3407,24000
80,1,47,1339,980,3681,24000
80,1,48,1272,791,3937,24000
80,1,49,1211,638,4151,24000
80,1,50,1150,517,4333,24000
80,1,51,1121,401,4478,24000
80,1,52,1095,326,4579,24000
80,1,53,1080,259,4661,24000
80,1,54,1059,213,4728,24000
80,1,55,1040,171,4789,24000
80,1,56,1030,120,4850,24000
80,1,57,1024,97,4879,24000
80,1,58,1014,81,4905,24000
80,1,59,1011,69,4920,24000
80,1,60,1008,51,4941,24000
80,1,61,1002,38,4960,24000
80,1,62,1001,29,4970,24000
80,1,63,1001,23,4976,24000
80,1,64,1001,13,4986,24000
80,1,65,1000,11,4989,24000
80,1,66,1000,8,4992,24000
80,1,67,999,3,4998,24000
80,1,68,999,2,4999,24000
80,1,69,999,2,4999,24000
80,1,70,999,2,4999,24000
80,1,71,999,1,5000,24000
80,1,72,999,1,5000,24000
80,2,0,5999,1,0,24000
80,2,1,5999,1,0,24000
80,2,2,5998,2,0,24000
80,2,3,5997,3,0,24000
80,2,4,5997,3,0,24000
80,2,5,5996,4,0,24000
80,2,6,5995,5,0,24000
80,2,7,5991,8,1,24000
80,2,8,5988,10,2,24000
80,2,9,5982,15,3,24000
80,2,10,5975,22,3,24000
80,2,11,5969,27,4,24000
80,2,12,5952,43,5,24000
80,2,13,5930,61,9,24000
80,2,14,5908,80,12,24000
80,2,15,5875,107,18,24000
80,2,16,5841,134,25,24000
80,2,17,5791,178,31,24000
80,2,18,5727,225,48,24000
80,2,19,5647,283,70,24000
80,2,20,5562,346,92,24000
80,2,21,5448,427,125,24000
80,2,22,5303,538,159,24000
80,2,23,5134,657,209,24000
80,2,24,4937,790,273,24000
80,2,25,4725,922,353,24000
80,2,26,4438,1124,438,24000
80,2,27,4145,1303,552,24000
80,2,28,3845,1458,697,24000
80,2,29,3513,1621,866,24000
80,2,30,3189,1748,1063,24000
80,2,31,2862,1863,1275,24000
80,2,32,2537,1901,1562,24000
80,2,33,2301,1844,1855,24000
80,2,34,2064,1781,2155,24000
80,2,35,1822,1691,2487,24000
80,2,36,1633,1556,2811,24000
80,2,37,1469,1393,3138,24000
80,2,38,1347,1190,3463,24000
80,2,39,1257,1044,3699,24000
80,2,40,1191,873,3936,24000
80,2,41,1143,679,4178,24000
80,2,42,1106,527,4367,24000
80,2,43,1067,402,4531,24000
80,2,44,1041,306,4653,24000
80,2,45,1022,235,4743,24000
80,2,46,1013,178,4809,24000
80,2,47,999,144,4857,24000
80,2,48,991,115,4894,24000
80,2,49,983,84,4933,24000
80,2,50,977,64,4959,24000
80,2,51,974,48,4978,24000
80,2,52,974,39,4987,24000
80,2,53,973,26,5001,24000
80,2,54,969,22,5009,24000
80,2,55,966,17,5017,24000
80,2,56,964,13,5023,24000
80,2,57,964,10,5026,24000
80,2,58,963,11,5026,24000
80,2,59,963,10,5027,24000
80,2,60,962,7,5031,24000
80,2,61,962,4,5034,24000
80,2,62,962,2,5036,24000
80,2,63,962,2,5036,24000
80,2,64,961,2,5037,24000
80,2,65,961,2,5037,24000
80,2,66,961,1,5038,24000
80,2,67,961,1,5038,24000
80,2,68,960,2,5038,24000
80,2,69,960,2,5038,24000
80,2,70,960,1,5039,24000
80,2,71,960,1,5039,24000
80,2,72,960,1,5039,24000
80,2,73,960,1,5039,24000
80,3,0,5999,1,0,24000
80,3,1,5998,2,0,24000
80,3,2,5998,2,0,24000
80,3,3,5998,2,0,24000
80,3,4,5998,2,0,24000
80,3,5,5997,3,0,24000
80,3,6,5994,6,0,24000
80,3,7,5993,5,2,24000
80,3,8,5992,6,2,24000
80,3,9,5989,9,2,24000
80,3,10,5984,14,2,24000
80,3,11,5978,19,3,24000
80,3,12,5971,23,6,24000
80,3,13,5965,28,7,24000
80,3,14,5950,42,8,24000
80,3,15,5938,51,11,24000
80,3,16,5920,64,16,24000
80,3,17,5896,82,22,24000
80,3,18,5868,103,29,24000
80,3,19,5834,131,35,24000
80,3,20,5793,157,50,24000
80,3,21,5748,190,62,24000
80,3,22,5677,243,80,24000
80,3,23,5578,318,104,24000
80,3,24,5486,382,132,24000
80,3,25,5354,480,166,24000
80,3,26,5208,585,207,24000
80,3,27,5018,730,252,24000
80,3,28,4806,871,323,24000
80,3,29,4566,1012,422,24000
80,3,30,4307,1179,514,24000
80,3,31,4026,1328,646,24000
80,3,32,3738,1470,792,24000
80,3,33,3439,1579,982,24000
80,3,34,3157,1649,1194,24000
80,3,35,2872,1694,1434,24000
80,3,36,2573,1734,1693,24000
80,3,37,2317,1709,1974,24000
80,3,38,2089,1649,2262,24000
80,3,39,1891,1548,2561,24000
80,3,40,1736,1421,2843,24000
80,3,41,1601,1271,3128,24000
80,3,42,1482,1091,3427,24000
80,3,43,1390,927,3683,24000
80,3,44,1332,757,3911,24000
80,3,45,1265,626,4109,24000
80,3,46,1212,524,4264,24000
80,3,47,1179,422,4399,24000
80,3,48,1144,338,4518,24000
80,3,49,1126,264,4610,24000
80,3,50,1109,223,4668,24000
80,3,51,1100,165,4735,24000
80,3,52,1086,126,4788,24000
80,3,53,1078,101,4821,24000
80,3,54,1073,71,4856,24000
80,3,55,1070,56,4874,24000
80,3,56,1067,42,4891,24000
80,3,57,1064,36,4900,24000
80,3,58,1062,24,4914,24000
80,3,59,1060,18,4922,24000
80,3,60,1060,13,4927,24000
80,3,61,1059,11,4930,24000
80,3,62,1059,8,4933,24000
80,3,63,1058,6,4936,24000
80,3,64,1058,4,4938,24000
80,3,65,1058,2,4940,24000
80,3,66,1058,2,4940,24000
80,3,67,1058,1,4941,24000
80,3,68,1058,1,4941,24000
80,4,0,5999,1,0,24000
80,4,1,5998,2,0,24000
80,4,2,5997,3,0,24000
80,4,3,5996,4,0,24000
80,4,4,5994,6,0,24000
80,4,5,5992,8,0,24000
80,4,6,5989,11,0,24000
80,4,7,5985,13,2,24000
80,4,8,5977,20,3,24000
80,4,9,5975,21,4,24000
80,4,10,5964,30,6,24000
80,4,11,5953,39,8,24000
80,4,12,5938,51,11,24000
80,4,13,5910,75,15,24000
80,4,14,5882,95,23,24000
80,4,15,5854,121,25,24000
80,4,16,5803,161,36,24000
80,4,17,5746,207,47,24000
80,4,18,5682,256,62,24000
80,4,19,5592,318,90,24000
80,4,20,5492,390,118,24000
80,4,21,5367,487,146,24000
80,4,22,5212,591,197,24000
80,4,23,4991,755,254,24000
80,4,24,4753,929,318,24000
80,4,25,4506,1086,408,24000
80,4,26,4235,1257,508,24000
80,4,27,3913,1454,633,24000
80,4,28,3587,1625,788,24000
80,4,29,3249,1742,1009,24000
80,4,30,2912,1841,1247,24000
80,4,31,2601,1905,1494,24000
80,4,32,2306,1929,1765,24000
80,4,33,2068,1845,2087,24000
80,4,34,1854,1733,2413,24000
80,4,35,1684,1565,2751,24000
80,4,36,1516,1396,3088,24000
80,4,37,1404,1197,3399,24000
80,4,38,1309,997,3694,24000
80,4,39,1239,829,3932,24000
80,4,40,1192,662,4146,24000
80,4,41,1141,543,4316,24000
80,4,42,1106,410,4484,24000
80,4,43,1078,326,4596,24000
80,4,44,1055,254,4691,24000
80,4,45,1039,200,4761,24000
80,4,46,1018,174,4808,24000
80,4,47,1006,135,4859,24000
80,4,48,1001,105,4894,24000
80,4,49,990,88,4922,24000
80,4,50,985,70,4945,24000
80,4,51,984,55,4961,24000
80,4,52,984,34,4982,24000
80,4,53,984,22,4994,24000
80,4,54,979,22,4999,24000
80,4,55,977,13,5010,24000
80,4,56,976,9,5015,24000
80,4,57,976,8,5016,24000
80,4,58,975,9,5016,24000
80,4,59,975,9,5016,24000
80,4,60,974,5,5021,24000
80,4,61,974,3,5023,24000
80,4,62,973,3,5024,24000
80,4,63,973,3,5024,24000
80,4,64,973,2,5025,24000
80,4,65,973,2,5025,24000
80,4,66,973,1,5026,24000
80,4,67,973,1,5026,24000
80,5,0,5999,1,0,24000
80,5,1,5998,2,0,24000
80,5,2,5997,3,0,24000
80,5,3,5996,4,0,24000
80,5,4,5995,5,0,24000
80,5,5,5994,6,0,24000
80,5,6,5993,7,0,24000
80,5,7,5991,7,2,24000
80,5,8,5989,8,3,24000
80,5,9,5987,9,4,24000
80,5,10,5985,10,5,24000
80,5,11,5982,12,6,24000
80,5,12,5980,13,7,24000
80,5,13,5974,17,9,24000
80,5,14,5971,18,11,24000
80,5,15,5964,23,13,24000
80,5,16,5954,31,15,24000
80,5,17,5941,41,18,24000
80,5,18,5924,56,20,24000
80,5,19,5904,70,26,24000
80,5,20,5885,86,29,24000
80,5,21,5847,117,36,24000
80,5,22,5807,147,46,24000
80,5,23,5761,180,59,24000
80,5,24,5704,220,76,24000
80,5,25,5640,264,96,24000
80,5,26,5557,328,115,24000
80,5,27,5451,396,153,24000
80,5,28,5329,478,193,24000
80,5,29,5191,570,239,24000
80,5,30,5020,684,296,24000
80,5,31,4845,795,360,24000
80,5,32,4615,942,443,24000
80,5,33,4354,1097,549,24000
80,5,34,4091,1238,671,24000
80,5,35,3787,1404,809,24000
80,5,36,3495,1525,980,24000
80,5,37,3197,1648,1155,24000
80,5,38,2900,1715,1385,24000
80,5,39,2613,1741,1646,24000
80,5,40,2344,1747,1909,24000
80,5,41,2121,1666,2213,24000
80,5,42,1906,1589,2505,24000
80,5,43,1749,1448,2803,24000
80,5,44,1606,1294,3100,24000
80,5,45,1467,1146,3387,24000
80,5,46,1374,970,3656,24000
80,5,47,1282,839,3879,24000
80,5,48,1218,688,4094,24000
80,5,49,1172,577,4251,24000
80,5,50,1131,475,4394,24000
80,5,51,1097,370,4533,24000
80,5,52,1068,306,4626,24000
80,5,53,1054,228,4718,24000
80,5,54,1042,176,4782,24000
80,5,55,1035,137,4828,24000
80,5,56,1028,103,4869,24000
80,5,57,1021,76,4903,24000
80,5,58,1017,51,4932,24000
80,5,59,1014,40,4946,24000
80,5,60,1012,30,4958,24000
80,5,61,1010,25,4965,24000
80,5,62,1009,19,4972,24000
80,5,63,1009,12,4979,24000
80,5,64,1008,9,4983,24000
80,5,65,1007,7,4986,24000
80,5,66,1006,6,4988,24000
80,5,67,1006,4,4990,24000
80,5,68,1006,3,4991,24000
80,5,69,1006,3,4991,24000
80,5,70,1006,2,4992,24000
80,5,71,1006,1,4993,24000
90,1,0,2999,1,0,27000
90,1,1,2999,1,0,27000
90,1,2,2999,1,0,27000
90,1,3,2999,1,0,27000
90,1,4,2999,1,0,27000
90,1,5,2999,1,0,27000
90,1,6,2999,1,0,27000
90,2,0,2999,1,0,27000
90,2,1,2998,2,0,27000
90,2,2,2996,4,0,27000
90,2,3,2994,6,0,27000
90,2,4,2992,8,0,27000
90,2,5,2990,10,0,27000
90,2,6,2986,14,0,27000
90,2,7,2986,12,2,27000
90,2,8,2985,11,4,27000
90,2,9,2983,11,6,27000
90,2,10,2982,10,8,27000
90,2,11,2980,10,10,27000
90,2,12,2979,7,14,27000
90,2,13,2978,8,14,27000
90,2,14,2976,9,15,27000
90,2,15,2976,7,17,27000
90,2,16,2975,7,18,27000
90,2,17,2974,6,20,27000
90,2,18,2974,5,21,27000
90,2,19,2974,4,22,27000
90,2,20,2973,3,24,27000
90,2,21,2970,6,24,27000
90,2,22,2970,5,25,27000
90,2,23,2969,5,26,27000
90,2,24,2967,7,26,27000
90,2,25,2965,9,26,27000
90,2,26,2962,11,27,27000
90,2,27,2962,8,30,27000
90,2,28,2960,10,30,27000
90,2,29,2959,10,31,27000
90,2,30,2959,8,33,27000
90,2,31,2955,10,35,27000
90,2,32,2951,11,38,27000
90,2,33,2948,14,38,27000
90,2,34,2941,19,40,27000
90,2,35,2938,21,41,27000
90,2,36,2935,24,41,27000
90,2,37,2931,24,45,27000
90,2,38,2930,21,49,27000
90,2,39,2929,19,52,27000
90,2,40,2924,17,59,27000
90,2,41,2920,18,62,27000
90,2,42,2916,19,65,27000
90,2,43,2912,19,69,27000
90,2,44,2911,19,70,27000
90,2,45,2907,22,71,27000
90,2,46,2903,21,76,27000
90,2,47,2901,19,80,27000
90,2,48,2900,16,84,27000
90,2,49,2897,15,88,27000
90,2,50,2896,15,89,27000
90,2,51,2893,14,93,27000
90,2,52,2886,17,97,27000
90,2,53,2882,19,99,27000
90,2,54,2877,23,100,27000
90,2,55,2873,24,103,27000
90,2,56,2870,26,104,27000
90,2,57,2867,26,107,27000
90,2,58,2862,24,114,27000
90,2,59,2857,25,118,27000
90,2,60,2855,22,123,27000
90,2,61,2851,22,127,27000
90,2,62,2850,20,130,27000
90,2,63,2848,19,133,27000
90,2,64,2847,15,138,27000
90,2,65,2847,10,143,27000
90,2,66,2844,11,145,27000
90,2,67,2844,7,149,27000
90,2,68,2843,7,150,27000
90,2,69,2842,6,152,27000
90,2,70,2841,6,153,27000
90,2,71,2840,7,153,27000
90,2,72,2839,5,156,27000
90,2,73,2837,7,156,27000
90,2,74,2837,6,157,27000
90,2,75,2836,6,158,27000
90,2,76,2836,5,159,27000
90,2,77,2836,4,160,27000
90,2,78,2834,5,161,27000
90,2,79,2833,4,163,27000
90,2,80,2831,6,163,27000
90,2,81,2831,5,164,27000
90,2,82,2831,5,164,27000
90,2,83,2831,5,164,27000
90,2,84,2830,4,166,27000
90,2,85,2828,5,167,27000
90,2,86,2826,5,169,27000
90,2,87,2824,7,169,27000
90,2,88,2821,10,169,27000
90,2,89,2819,12,169,27000
90,2,90,2818,12,170,27000
90,2,91,2818,10,172,27000
90,2,92,2818,8,174,27000
90,2,93,2817,7,176,27000
90,2,94,2816,5,179,27000
90,2,95,2815,4,181,27000
90,2,96,2815,3,182,27000
90,2,97,2815,3,182,27000
90,2,98,2814,4,182,27000
90,2,99,2813,4,183,27000
90,2,100,2812,4,184,27000
90,2,101,2811,4,185,27000
90,2,102,2811,4,185,27000
90,2,103,2810,5,185,27000
90,2,104,2810,4,186,27000
90,2,105,2808,5,187,27000
90,2,106,2807,5,188,27000
90,2,107,2806,5,189,27000
90,2,108,2804,7,189,27000
90,2,109,2803,7,190,27000
90,2,110,2803,7,190,27000
90,2,111,2803,5,192,27000
90,2,112,2803,4,193,27000
90,2,113,2803,3,194,27000
90,2,114,2803,1,196,27000
90,3,0,2999,1,0,27000
90,3,1,2999,1,0,27000
90,3,2,2999,1,0,27000
90,3,3,2999,1,0,27000
90,3,4,2999,1,0,27000
90,3,5,2999,1,0,27000
90,3,6,2999,1,0,27000
90,4,0,2999,1,0,27000
90,4,1,2999,1,0,27000
90,4,2,2999,1,0,27000
90,4,3,2999,1,0,27000
90,4,4,2999,1,0,27000
90,4,5,2998,2,0,27000
90,4,6,2996,4,0,27000
90,4,7,2994,5,1,27000
90,4,8,2992,7,1,27000
90,4,9,2992,7,1,27000
90,4,10,2991,8,1,27000
90,4,11,2990,8,2,27000
90,4,12,2989,7,4,27000
90,4,13,2989,5,6,27000
90,4,14,2987,5,8,27000
90,4,15,2986,6,8,27000
90,4,16,2986,5,9,27000
90,4,17,2984,6,10,27000
90,4,18,2984,5,11,27000
90,4,19,2983,6,11,27000
90,4,20,2982,5,13,27000
90,4,21,2982,4,14,27000
90,4,22,2979,7,14,27000
90,4,23,2978,6,16,27000
90,4,24,2976,8,16,27000
90,4,25,2976,7,17,27000
90,4,26,2976,6,18,27000
90,4,27,2973,9,18,27000
90,4,28,2971,8,21,27000
90,4,29,2970,8,22,27000
90,4,30,2970,6,24,27000
90,4,31,2970,6,24,27000
90,4,32,2970,6,24,27000
90,4,33,2970,3,27,27000
90,4,34,2970,1,29,27000
90,5,0,2999,1,0,27000
90,5,1,2999,1,0,27000
90,5,2,2999,1,0,27000
90,5,3,2999,1,0,27000
90,5,4,2999,1,0,27000
90,5,5,2999,1,0,27000
90,5,6,2999,1,0,27000
